"model_name","repository","kind","file_name","quantization","expected_bytes","local_path","status","recorded_utc"
"Qwen3.5-4B","bartowski/Qwen_Qwen3.5-4B-GGUF","model","Qwen_Qwen3.5-4B-Q5_K_M.gguf","Q5_K_M","3443763168","C:\Users\Chris\Documents\GitHub\Local Swarm\Models\Qwen3.5-4B\Qwen_Qwen3.5-4B-Q5_K_M.gguf","downloaded","2026-09-26T17:11:40.3721830Z"
"Qwen3.5-4B","bartowski/Qwen_Qwen3.5-4B-GGUF","mmproj","mmproj-Qwen_Qwen3.5-4B-bf16.gguf","projector","675569216","C:\Users\Chris\Documents\GitHub\Local Swarm\Models\Qwen3.5-4B\mmproj-Qwen_Qwen3.5-4B-bf16.gguf","downloaded","2026-09-26T17:11:40.3967177Z"
"MiniCPM5-1B","openbmb/MiniCPM5-1B-GGUF","model","MiniCPM5-1B-Q8_0.gguf","Q8_0","1153529216","C:\Users\Chris\Documents\GitHub\Local Swarm\Models\MiniCPM5-1B\MiniCPM5-1B-Q8_0.gguf","downloaded","2026-09-26T17:11:40.4917802Z"
"MiniCPM5-2B","prithivMLmods/MiniCPM5-2B-GGUF","model","MiniCPM5-2B.Q5_K_M.gguf","Q5_K_M","1808063424","C:\Users\Chris\Documents\GitHub\Local Swarm\Models\MiniCPM5-2B\MiniCPM5-2B.Q5_K_M.gguf","downloaded","2026-09-26T17:11:40.6167376Z"
"LFM2.5-2.6B","LiquidAI/LFM2.5-2.6B-GGUF","model","LFM2.5-2.6B-Q5_K_M.gguf","Q5_K_M","1939744768","C:\Users\Chris\Documents\GitHub\Local Swarm\Models\LFM2.5-2.6B\LFM2.5-2.6B-Q5_K_M.gguf","downloaded","2026-09-26T17:11:40.6917252Z"
"LFM2.5-8B-A1B","LiquidAI/LFM2.5-8B-A1B-GGUF","model","LFM2.5-8B-A1B-Q5_K_M.gguf","Q5_K_M","6030339296","C:\Users\Chris\Documents\GitHub\Local Swarm\Models\LFM2.5-8B-A1B\LFM2.5-8B-A1B-Q5_K_M.gguf","downloaded","2026-09-26T17:11:40.7632438Z"
"Ministral-3-3B-Instruct","unsloth/Ministral-3-3B-Instruct-2512-GGUF","model","Ministral-3-3B-Instruct-2512-Q5_K_M.gguf","Q5_K_M","2473653536","C:\Users\Chris\Documents\GitHub\Local Swarm\Models\Ministral-3-3B-Instruct\Ministral-3-3B-Instruct-2512-Q5_K_M.gguf","downloaded","2026-09-26T17:11:40.8447124Z"
"Ministral-3-3B-Instruct","unsloth/Ministral-3-3B-Instruct-2512-GGUF","mmproj","mmproj-BF16.gguf","projector","841500832","C:\Users\Chris\Documents\GitHub\Local Swarm\Models\Ministral-3-3B-Instruct\mmproj-BF16.gguf","downloaded","2026-09-26T17:11:40.8447124Z"
"Ministral-3-3B-Reasoning","unsloth/Ministral-3-3B-Reasoning-2512-GGUF","model","Ministral-3-3B-Reasoning-2512-Q5_K_M.gguf","Q5_K_M","2473651968","C:\Users\Chris\Documents\GitHub\Local Swarm\Models\Ministral-3-3B-Reasoning\Ministral-3-3B-Reasoning-2512-Q5_K_M.gguf","downloaded","2026-09-26T17:11:40.9279205Z"
"Ministral-3-3B-Reasoning","unsloth/Ministral-3-3B-Reasoning-2512-GGUF","mmproj","mmproj-BF16.gguf","projector","841500832","C:\Users\Chris\Documents\GitHub\Local Swarm\Models\Ministral-3-3B-Reasoning\mmproj-BF16.gguf","downloaded","2026-09-26T17:11:40.9520395Z"
"Granite-4.1-3B","ibm-granite/granite-4.1-3b-GGUF","model","granite-4.1-3b-Q5_K_M.gguf","Q5_K_M","2437012064","C:\Users\Chris\Documents\GitHub\Local Swarm\Models\Granite-4.1-3B\granite-4.1-3b-Q5_K_M.gguf","downloaded","2026-09-26T17:11:41.0255724Z"
"Gemma-4-E2B-it","unsloth/gemma-4-E2B-it-GGUF","model","gemma-4-E2B-it-Q5_K_M.gguf","Q5_K_M","3356037216","C:\Users\Chris\Documents\GitHub\Local Swarm\Models\Gemma-4-E2B-it\gemma-4-E2B-it-Q5_K_M.gguf","downloaded","2026-09-26T17:11:41.1097216Z"
"Gemma-4-E2B-it","unsloth/gemma-4-E2B-it-GGUF","mmproj","mmproj-BF16.gguf","projector","986833728","C:\Users\Chris\Documents\GitHub\Local Swarm\Models\Gemma-4-E2B-it\mmproj-BF16.gguf","downloaded","2026-09-26T17:11:41.1117271Z"
"Gemma-4-E4B-it","unsloth/gemma-4-E4B-it-GGUF","model","gemma-4-E4B-it-Q5_K_M.gguf","Q5_K_M","5481798784","C:\Users\Chris\Documents\GitHub\Local Swarm\Models\Gemma-4-E4B-it\gemma-4-E4B-it-Q5_K_M.gguf","downloaded","2026-09-26T17:11:41.1752588Z"
"Gemma-4-E4B-it","unsloth/gemma-4-E4B-it-GGUF","mmproj","mmproj-BF16.gguf","projector","991552320","C:\Users\Chris\Documents\GitHub\Local Swarm\Models\Gemma-4-E4B-it\mmproj-BF16.gguf","downloaded","2026-09-26T17:11:41.1752588Z"
"Phi-4-mini-instruct","unsloth/Phi-4-mini-instruct-GGUF","model","Phi-4-mini-instruct-Q5_K_M.gguf","Q5_K_M","2848127968","C:\Users\Chris\Documents\GitHub\Local Swarm\Models\Phi-4-mini-instruct\Phi-4-mini-instruct-Q5_K_M.gguf","downloaded","2026-09-26T17:11:41.2461282Z"
"NVIDIA-Nemotron-3-Nano-4B","unsloth/NVIDIA-Nemotron-3-Nano-4B-GGUF","model","NVIDIA-Nemotron-3-Nano-4B-Q5_K_M.gguf","Q5_K_M","3159586464","C:\Users\Chris\Documents\GitHub\Local Swarm\Models\NVIDIA-Nemotron-3-Nano-4B\NVIDIA-Nemotron-3-Nano-4B-Q5_K_M.gguf","downloaded","2026-09-26T17:11:41.3377697Z"
"SmolLM3-3B","bartowski/HuggingFaceTB_SmolLM3-3B-GGUF","model","HuggingFaceTB_SmolLM3-3B-Q5_K_M.gguf","Q5_K_M","2213756736","C:\Users\Chris\Documents\GitHub\Local Swarm\Models\SmolLM3-3B\HuggingFaceTB_SmolLM3-3B-Q5_K_M.gguf","downloaded","2026-09-26T17:11:41.4038536Z"
"Qwen3.5-9B","bartowski/Qwen_Qwen3.5-9B-GGUF","model","Qwen_Qwen3.5-9B-Q5_K_M.gguf","Q5_K_M","7111487520","C:\Users\Chris\Documents\GitHub\Local Swarm\Models\Qwen3.5-9B\Qwen_Qwen3.5-9B-Q5_K_M.gguf","downloaded","2026-09-26T17:11:41.4779078Z"
"Qwen3.5-9B","bartowski/Qwen_Qwen3.5-9B-GGUF","mmproj","mmproj-Qwen_Qwen3.5-9B-bf16.gguf","projector","921704896","C:\Users\Chris\Documents\GitHub\Local Swarm\Models\Qwen3.5-9B\mmproj-Qwen_Qwen3.5-9B-bf16.gguf","downloaded","2026-09-26T17:11:41.4809186Z"
"Granite-4.2-8B","ibm-granite/granite-4.2-8b-GGUF","model","granite-4.2-8b-Q5_K_M.gguf","Q5_K_M","6253887616","C:\Users\Chris\Documents\GitHub\Local Swarm\Models\Granite-4.2-8B\granite-4.2-8b-Q5_K_M.gguf","downloaded","2026-09-26T17:20:58.1882550Z"
"Ministral-3-8B-Instruct","unsloth/Ministral-3-8B-Instruct-2512-GGUF","model","Ministral-3-8B-Instruct-2512-Q5_K_M.gguf","Q5_K_M","6058743328","C:\Users\Chris\Documents\GitHub\Local Swarm\Models\Ministral-3-8B-Instruct\Ministral-3-8B-Instruct-2512-Q5_K_M.gguf","downloaded","2026-09-26T17:20:58.3696470Z"
"Ministral-3-8B-Instruct","unsloth/Ministral-3-8B-Instruct-2512-GGUF","mmproj","mmproj-BF16.gguf","projector","858282144","C:\Users\Chris\Documents\GitHub\Local Swarm\Models\Ministral-3-8B-Instruct\mmproj-BF16.gguf","downloaded","2026-09-26T17:20:58.3716522Z"
"OLMo-2-7B-Instruct","allenai/OLMo-2-1124-7B-Instruct-GGUF","model","olmo-2-1124-7B-instruct-Q5_K_M.gguf","Q5_K_M","5209169184","C:\Users\Chris\Documents\GitHub\Local Swarm\Models\OLMo-2-7B-Instruct\olmo-2-1124-7B-instruct-Q5_K_M.gguf","downloaded","2026-09-26T17:20:58.4880038Z"
"Ministral-3-14B-Instruct","unsloth/Ministral-3-14B-Instruct-2512-GGUF","model","Ministral-3-14B-Instruct-2512-Q5_K_M.gguf","Q5_K_M","9620566720","C:\Users\Chris\Documents\GitHub\Local Swarm\Models\Ministral-3-14B-Instruct\Ministral-3-14B-Instruct-2512-Q5_K_M.gguf","downloaded","2026-09-26T17:20:58.5794569Z"
"Ministral-3-14B-Instruct","unsloth/Ministral-3-14B-Instruct-2512-GGUF","mmproj","mmproj-BF16.gguf","projector","879257760","C:\Users\Chris\Documents\GitHub\Local Swarm\Models\Ministral-3-14B-Instruct\mmproj-BF16.gguf","downloaded","2026-09-26T17:20:58.5814627Z"
